<?xml version="1.0" encoding="UTF-8"?>
<!-- Licensed Materials - Property of IBM 5725-I43 (C) Copyright IBM Corp.
  2015, 2015. All Rights Reserved. US Government Users Restricted Rights -
  Use, duplication or disclosure restricted by GSA ADP Schedule Contract with
  IBM Corp. -->
  
<server description="mfp">

    <!-- Declare the IBM MobileFirst Administration database. -->
    <dataSource jndiName="${env.MFPF_ADMIN_ROOT}/jdbc/mfpAdminDS">
        <connectionManager maxPoolSize="2" minPoolSize="1" connectionTimeout="10s" agedTimeout="30m"/>
        <jdbcDriver libraryRef="MobileFirst/JDBC/postgres"/>
        <properties databaseName="${env.MFPF_ADMIN_DB_DATABASE_NAME}" serverName="${env.MFPF_ADMIN_DB_SERVER_NAME}" portNumber="${env.MFPF_ADMIN_DB_PORT}" user="${env.MFPF_ADMIN_DB_USERNAME}" password="${env.MFPF_ADMIN_DB_PASSWORD}"/>
    </dataSource>



    <!-- Declare the IBM MobileFirst Administration database. -->
    <dataSource jndiName="${env.MFPF_CONFIG_ROOT}/jdbc/ConfigDS">
        <connectionManager maxPoolSize="2" minPoolSize="1" connectionTimeout="10s" agedTimeout="30m"/>
        <jdbcDriver libraryRef="MobileFirst/JDBC/postgres"/>
        <properties databaseName="${env.MFPF_ADMIN_DB_DATABASE_NAME}" serverName="${env.MFPF_ADMIN_DB_SERVER_NAME}" portNumber="${env.MFPF_ADMIN_DB_PORT}" user="${env.MFPF_ADMIN_DB_USERNAME}" password="${env.MFPF_ADMIN_DB_PASSWORD}"/>
    </dataSource>

    <dataSource jndiName="${env.MFPF_RUNTIME_ROOT}/jdbc/mfpDS">
    	<connectionManager maxPoolSize="15" minPoolSize="2" connectionTimeout="10s" agedTimeout="30m"/>
        <jdbcDriver libraryRef="MobileFirst/JDBC/postgres"/>
        <properties databaseName="${env.MFPF_ADMIN_DB_DATABASE_NAME}" serverName="${env.MFPF_ADMIN_DB_SERVER_NAME}" portNumber="${env.MFPF_ADMIN_DB_PORT}" user="${env.MFPF_ADMIN_DB_USERNAME}" password="${env.MFPF_ADMIN_DB_PASSWORD}"/>
    </dataSource>

<!-- MFPF Server DB specific data source and application entries for MobileFirst Push Service -->	

    <dataSource jndiName="${env.MFPF_PUSH_ROOT}/jdbc/imfPushDS">
   		<connectionManager maxPoolSize="5" minPoolSize="1" connectionTimeout="10s" agedTimeout="30m"/>
        <jdbcDriver libraryRef="MobileFirst/JDBC/postgres"/>
        <properties databaseName="${env.MFPF_ADMIN_DB_DATABASE_NAME}" serverName="${env.MFPF_ADMIN_DB_SERVER_NAME}" portNumber="${env.MFPF_ADMIN_DB_PORT}" user="${env.MFPF_ADMIN_DB_USERNAME}" password="${env.MFPF_ADMIN_DB_PASSWORD}"/>
    </dataSource>


    <application id="${env.MFPF_PUSH_ROOT}" location="mfp-push-service.war" name="${env.MFPF_PUSH_ROOT}" type="war">
        <classloader delegation="parentLast" commonLibraryRef="MobileFirst/JDBC/postgres">
            <commonLibrary id="mfplib_imfpush">
                <fileset dir="${wlp.install.dir}/lib" includes="com.ibm.ws.crypto.passwordutil*.jar"/>
            </commonLibrary>
        </classloader>
    </application>
    <jndiEntry jndiName="${env.MFPF_PUSH_ROOT}/mfp.push.authorization.server.url" value="http://${env.ADMIN_HOST}:${env.MFPF_SERVER_HTTPPORT}/${env.MFPF_RUNTIME_ROOT}/api"/>
    <jndiEntry jndiName="${env.MFPF_PUSH_ROOT}/mfp.push.authorization.client.id" value="push"/>
    <jndiEntry jndiName="${env.MFPF_PUSH_ROOT}/mfp.push.authorization.client.secret" value="${env.MFPF_ADMIN_PASSWORD}"/>
    <jndiEntry jndiName="${env.MFPF_PUSH_ROOT}/mfp.push.services.ext.security" value="com.ibm.mfp.push.server.security.plugin.OAuthSecurityPlugin"/>
    <jndiEntry jndiName="${env.MFPF_PUSH_ROOT}/mfp.push.db.type" value="DB"/>
</server>
