<?xml version="1.0" encoding="UTF-8"?>
<!-- Licensed Materials - Property of IBM 5725-I43 (C) Copyright IBM Corp.
  2015, 2015. All Rights Reserved. US Government Users Restricted Rights -
  Use, duplication or disclosure restricted by GSA ADP Schedule Contract with
  IBM Corp. -->
<server description="new server">

    <!-- Enable features -->
    <featureManager>

        <!-- Begin of features added by IBM MobileFirst <installPush> ant task for context root '/imfpush'. -->
        <!-- The following lines will be removed when the application is uninstalled -->
        <feature>jdbc-4.1</feature>
        <feature>servlet-3.1</feature>
        <feature>ssl-1.0</feature>
        <!-- End of features added by IBM MobileFirst <installPush> ant task for context root '/imfpush'. -->
        
        <feature>jsp-2.3</feature>
        <!-- Begin of features added by IBM MobileFirst <installmobilefirstadmin> ant task for context root '/mfpadmin'. -->
        <!-- The following lines will be removed when the application is uninstalled -->
        <feature>jdbc-4.1</feature>
        <feature>appSecurity-2.0</feature>
        <feature>localConnector-1.0</feature>
        <feature>restConnector-1.0</feature>
        <!-- End of features added by IBM MobileFirst <installmobilefirstadmin> ant task for context root '/mfpadmin'. -->
        <feature>usr:OAuthTai-8.0</feature>
        <feature>bells-1.0</feature>
	<feature>mpMetrics-1.0</feature>
    </featureManager>

    <!-- To access this server from a remote client add a host attribute to the following element, e.g. host="*" -->
    <httpEndpoint id="defaultHttpEndpoint"
                  httpPort="${env.MFPF_SERVER_HTTPPORT}"
                  httpsPort="${env.MFPF_SERVER_HTTPSPORT}" host="*" >

        <!-- Option soReuseAddr added by IBM MobileFirst <installmobilefirstadmin> ant task for context root '/mfpadmin'. -->
        <tcpOptions soReuseAddr="true"/>

    </httpEndpoint>
    
    <administrator-role>
        <!--    MFP JMX User.
        [Added by IBM MobileFirst Platform Foundation <installmobilefirstadmin> Ant task for context root '/mfpadmin']  
        -->
        <user>${env.MFPF_SERVER_ADMIN_USER}</user>

    </administrator-role>
    <!--    MobileFirst JNDI property for JMX connection.
        [Added by IBM MobileFirst Platform Foundation <installmobilefirstadmin> Ant task for context root '/mfpadmin'] 
    -->
    <jndiEntry jndiName="mfp.admin.jmx.host" value="${env.IP_ADDRESS}"/>
    <!--    MobileFirst JNDI property for JMX connection.
        [Added by IBM MobileFirst Platform Foundation <installmobilefirstadmin> Ant task for context root '/mfpadmin'] 
    -->
    <jndiEntry jndiName="mfp.admin.serverid" value="${env.HOSTNAME}"/>
    
    <jndiEntry jndiName="mfp.admin.jmx.port" value="${env.MFPF_SERVER_HTTPSPORT}"/>
    <!--    MobileFirst JNDI property for JMX connection.
        [Added by IBM MobileFirst Platform Foundation <installmobilefirstadmin> Ant task for context root '/mfpadmin'] 
    -->
    <jndiEntry jndiName="mfp.admin.jmx.user" value="${env.MFPF_SERVER_ADMIN_USER}"/>
    <!--    MobileFirst JNDI property for JMX connection.
        [Added by IBM MobileFirst Platform Foundation <installmobilefirstadmin> Ant task for context root '/mfpadmin'] 
    -->
    <jndiEntry jndiName="mfp.admin.jmx.pwd" value="${env.MFPF_SERVER_ADMIN_PASSWORD}"/>
   <!--    MobileFirst JNDI property for JMX connection.
        [Added by IBM MobileFirst Platform Foundation <installmobilefirstadmin> Ant task for context root '/mfpadmin'] 
    -->
    <jndiEntry jndiName="mfp.topology.platform" value="Liberty"/>
    <!--    MobileFirst JNDI property for JMX connection.
        [Added by IBM MobileFirst Platform Foundation <installmobilefirstadmin> Ant task for context root '/mfpadmin'] 
    -->
    <jndiEntry jndiName="mfp.topology.clustermode" value="${env.MFPF_CLUSTER_MODE}"/>
    <jndiEntry jndiName="mfp.admin.polling.interval.sec" value="10"/>
    
    <!--    WebContainer statement.
        [Added by IBM MobileFirst Platform Foundation <installmobilefirstadmin> Ant task for context root '/mfpadmin'] 
    -->
    <webContainer deferServletLoad="false"/>

    <!--    Executor statement.
        [Added by IBM MobileFirst Platform Foundation <installmobilefirstadmin> Ant task for context root '/mfpadmin'] 
    -->
    <executor id="default" name="LargeThreadPool"
              coreThreads="200" maxThreads="400" keepAlive="60s"
              stealPolicy="STRICT" rejectedWorkPolicy="CALLER_RUNS"/>

    <!-- Begin of configuration added by IBM MobileFirst <installmobilefirstadmin> ant task for context root '/mfpadmin'. -->

    <!-- Declare the MobileFirst Administration Service application. -->
    <application id="${env.MFPF_ADMIN_ROOT}" name="${env.MFPF_ADMIN_ROOT}" location="mfp-admin-service.war" type="war">
        <application-bnd>
            <security-role name="mfpadmin">
                <group name="${env.MFPF_ADMIN_GROUP}"/>
            </security-role>
            
            <security-role name="mfpdeployer">
                <group name="${env.MFPF_DEPLOYER_GROUP}"/>
            </security-role>
            
            <security-role name="mfpmonitor">
                <group name="${env.MFPF_MONITOR_GROUP}"/>
            </security-role>
            
            <security-role name="mfpoperator">
                <group name="${env.MFPF_OPERATOR_GROUP}"/>
            </security-role>
        </application-bnd>

        <classloader delegation="parentLast" commonLibraryRef="MobileFirst/JDBC/oracle">
            <commonLibrary id="mfplib_mfpadmin">
            	<fileset dir="${wlp.install.dir}/lib" includes="com.ibm.ws.crypto.passwordutil*.jar"/>
            </commonLibrary>
        </classloader>
    </application>
    
    <!-- Declare the jar files for DB access through JDBC. -->
    <library id="MobileFirst/JDBC/oracle">
        <fileset dir="${shared.resource.dir}/lib" includes="ojdbc6.jar"/>
    </library>
    
    <application context-root="doc" id="swagger-ui" location="mfp-server-swagger-ui.war" name="swagger-ui" type="war"/>

	<!-- JNDI for the swagger ui, so the admin console can present a link to open the adapter information in the swagger ui -->
    <jndiEntry jndiName="${env.MFPF_ADMIN_ROOT}/mfp.server.swagger.ui.url" value="/doc/?url=/&lt;context&gt;/api/adapterdoc/&lt;adapterName&gt;"/>
	
	<!-- Declare the MobileFirst Platform Foundation Administration Console application. -->
    <application id="${env.MFPF_CONSOLE_ROOT}" name="${env.MFPF_CONSOLE_ROOT}" location="mfp-admin-ui.war" type="war">
        <application-bnd>
            <security-role name="mfpadmin">
                <group name="${env.MFPF_ADMIN_GROUP}"/>
            </security-role>
            
            <security-role name="mfpdeployer">
                <group name="${env.MFPF_DEPLOYER_GROUP}"/>
            </security-role>
            
            <security-role name="mfpmonitor">
                <group name="${env.MFPF_MONITOR_GROUP}"/>
            </security-role>
            
            <security-role name="mfpoperator">
                <group name="${env.MFPF_OPERATOR_GROUP}"/>
            </security-role>
        </application-bnd>
		<classloader delegation="parentLast" commonLibraryRef="MobileFirst/JDBC/oracle"/>
    </application>
    
    <!-- Declare the JNDI properties for the MobileFirst Administration Console. -->
    <jndiEntry jndiName="${env.MFPF_CONSOLE_ROOT}/mfp.admin.endpoint" value="*://*:*/${env.MFPF_ADMIN_ROOT}"/>
    
    <!-- Declare the MobileFirst Configuration Service application. -->
    <application id="${env.MFPF_CONFIG_ROOT}" name="${env.MFPF_CONFIG_ROOT}" location="mfp-config-service.war" type="war">
        <application-bnd>
            <security-role name="configadmin">
                <group name="${env.MFPF_ADMIN_GROUP}"/>

            </security-role>

        </application-bnd>

        <classloader delegation="parentLast" commonLibraryRef="MobileFirst/JDBC/oracle"/>
    </application>

    <!-- Declare the JNDI properties for the MobileFirst Configuration Service. -->
    
    <!-- End of configuration added by IBM MobileFirst <installmobilefirstadmin> ant task for context root '/mfpadmin'. -->
    
    <!-- Declare the MobileFirst Runtime application. -->
	<application id="${env.MFPF_RUNTIME_ROOT}" name="${env.MFPF_RUNTIME_ROOT}" location="mfp-server.war" type="war">
	    <classloader delegation="parentLast" commonLibraryRef="MobileFirst/JDBC/oracle">
	    <privateLibrary id="mfplib_mfp">
		<fileset dir="${wlp.install.dir}/lib" includes="com.ibm.ws.crypto.passwordutil*.jar"/>
		</privateLibrary>
		</classloader>
	</application>

    
   
    
         
</server>
